id точки,2015-01-01,2015-02-01,2015-03-01,2015-04-01,2015-05-01,2015-06-01,2015-07-01,2015-08-01,2015-09-01,2015-10-01,2015-11-01,2015-12-01,2016-01-01,2016-02-01,2016-03-01,2016-04-01,2016-05-01,2016-06-01,2016-07-01,2016-08-01,2016-09-01,2016-10-01,2016-11-01,2016-12-01,2017-01-01,2017-02-01,2017-03-01,2017-04-01,2017-05-01,2017-06-01,2017-07-01,2017-08-01,2017-09-01,2017-10-01,2017-11-01,2017-12-01,2018-01-01,2018-02-01,2018-04-01,2018-05-01,2018-06-01,2018-07-01,2018-08-01,2018-09-01,2018-10-01,2018-11-01
11366,"245 709,34","301 024,69","406 199,78","295 602,85","268 179,17","266 579,01","202 667,04","207 347,02","237 393,22","241 379,91","277 634,90","564 252,75","219 926,68","282 913,60","358 303,61","248 019,56","284 416,63","279 647,10","230 446,64","239 083,57","266 376,84","295 779,77","295 160,62","576 854,05","246 028,33","325 148,56","381 619,33","264 177,85","264 828,38","261 388,95","229 254,30","229 923,83","277 630,41","254 468,50","302 233,30","511 479,27","271 084,02","298 845,27","277 776,35","270 902,92","280 106,10","243 448,84","236 709,82","248 268,78","296 637,10","314 456,87"
11810,"270 245,84","297 964,82","406 198,18","232 433,26","229 317,71","251 403,31","242 000,56","260 407,11","267 051,16","271 966,45","298 703,82","563 890,72","246 497,58","331 011,70","414 184,49","258 794,30","254 278,53","269 684,63","263 583,25","286 720,06","260 873,77","303 189,88","270 547,56","519 262,67","230 499,13","300 081,30","406 034,90","233 042,57","230 639,24","291 033,33","243 116,28","268 259,19","270 041,87","239 370,46","266 096,40","480 597,43","245 402,38","273 515,01","240 088,29","196 260,47","228 920,59","204 058,83","207 104,01","203 499,41","206 013,02","218 636,44"
15041,"171 972,98","198 141,44","260 215,74","205 316,01","187 059,87","198 590,97","178 250,64","187 094,70","211 000,01","209 154,69","218 994,09","419 434,29","179 593,27","244 073,64","285 598,19","221 318,35","225 292,70","203 248,79","187 544,36","208 146,33","217 143,02","205 033,09","192 618,05","347 437,73","173 401,76","212 483,68","242 260,63","176 631,73","193 740,63","180 167,05","167 628,59","164 701,13","186 035,21","161 494,14","176 703,59","296 704,12","174 154,62","173 190,24","240 396,84","241 494,62","264 873,77","227 461,23","249 503,23","251 805,68","263 152,96","269 913,02"
15775,"409 032,99","468 816,46","582 717,51","442 807,53","371 689,32","428 430,99","365 894,97","384 266,50","385 515,51","417 088,39","469 402,47","965 145,92","401 977,17","528 602,93","605 876,92","446 928,00","434 807,42","427 732,53","397 032,27","402 138,23","415 707,48","449 122,53","447 313,80","932 443,23","410 693,49","501 089,18","587 756,96","398 814,99","422 120,58","405 089,40","372 392,30","409 233,08","432 714,81","389 378,85","473 826,48","868 327,49","431 909,25","493 571,09","408 575,49","387 081,41","418 398,84","362 395,25","393 423,33","387 866,91","421 387,37","481 330,14"
16102,"437 693,19","510 077,20","602 107,62","465 779,80","423 448,91","414 476,58","370 944,77","392 089,75","416 797,33","458 215,48","513 996,76","997 652,21","399 725,45","518 929,66","592 577,83","441 552,73","449 032,76","413 248,35","377 791,22","395 019,02","408 140,99","461 964,53","452 770,46","879 288,50","387 282,24","492 204,55","573 761,76","373 567,89","289 179,39",,,,,"328 280,30","449 390,24","842 531,32","378 429,86","453 511,49","388 849,67","369 223,22","392 389,01","328 593,25","350 885,29","369 367,36","427 575,01","472 508,00"
16418,"1 097 855,58","1 251 315,18","1 498 360,32","1 172 858,04","1 061 768,55","1 084 431,96","950 878,99","1 012 458,51","1 084 123,12","1 163 763,99","1 260 110,78","2 574 953,23","1 110 906,05","1 379 968,45","1 605 536,25","1 151 860,21","1 155 781,17","1 118 209,83","990 290,10","1 039 287,98","1 076 723,63","1 190 359,88","1 130 526,13","2 251 110,97","1 043 718,54","1 278 501,52","1 487 712,94","995 113,83","1 018 060,22","998 903,71","810 016,85","827 374,92","1 106 045,13","1 051 451,37","1 299 508,88","2 309 721,57","1 245 771,59","1 363 428,35","1 176 112,58","1 220 378,51","1 197 103,16","1 029 583,95","882 819,22","972 544,20","1 014 446,33","1 223 028,33"
17684,"312 923,93","356 194,80","468 489,03","369 330,57","313 388,97","314 526,87","273 002,10","298 932,81","337 790,25","340 542,07","396 976,65","787 929,11","331 746,43","416 924,83","515 255,75","378 703,36","362 468,24","324 851,82","281 327,49","296 893,65","311 619,99","343 139,42","331 670,57","673 935,61","284 677,94","385 370,08","444 423,23","301 859,26","309 867,40","293 238,18","258 124,27","276 515,68","294 731,73","284 954,99","343 382,26","636 135,65","320 948,02","366 762,24","327 235,70","309 243,16","329 880,47","261 088,80","278 375,60","303 050,94","345 946,39","393 659,17"
17983,"272 765,15","322 312,14","393 950,19","255 831,84","255 053,96","281 161,79","238 485,32","262 582,09","255 652,50","267 367,30","293 427,39","584 473,73","269 579,68","320 023,50","429 758,83","270 709,31","277 646,35","278 893,12","246 885,26","274 223,33","240 608,08","313 305,65","273 249,39","547 834,68","259 089,81","324 717,40","377 939,02","267 094,72","271 682,69","280 064,91","231 356,18","260 476,41","243 821,76","251 471,39","293 707,65","483 198,14","286 872,50","306 820,51","258 182,13",,,"260 062,58","236 028,80","238 242,67","258 091,10","291 212,99"
18527,"124 846,63","187 462,23","199 798,47","137 896,07","145 613,33","138 771,05","130 081,76","147 507,62","155 088,84","165 475,21","162 782,39","255 733,24","115 260,22","175 890,17","197 407,42","153 819,30","131 787,58","148 680,47","133 157,03","144 785,33","154 304,43","168 165,11","144 319,25","259 130,78","124 617,97","163 665,09","195 890,56","150 724,94","125 838,98","150 063,33","117 757,37","132 775,48","143 622,08","117 469,60","136 267,67","193 843,42","109 055,84","127 956,75","108 691,61","105 861,14","110 306,88","90 363,98","109 886,92","129 277,14","96 051,34","102 242,56"
18531,"368 445,55","426 506,89","576 202,49","407 065,41","357 300,58","364 611,56","312 045,96","337 563,77","347 338,98","366 081,86","410 413,37","895 608,92","349 633,41","478 350,88","568 759,19","374 758,51","399 870,77","342 849,61","315 375,98","343 569,79","369 707,79","403 089,23","389 937,07","854 935,42","371 696,96","491 987,61","569 949,93","373 584,83","397 896,45","356 467,86","273 404,67","324 495,41","383 486,97","374 310,47","482 966,36","927 378,57","457 074,72","529 403,67","429 764,64","422 704,33","419 822,44","354 928,01","398 751,69","398 162,19","458 680,21","511 773,94"
18710,"301 548,96","382 366,70","494 961,28","346 240,49","299 806,80","298 638,35","338 936,06","356 497,68","349 255,91","360 407,91","405 837,83","602 846,58","298 297,80","382 064,09","486 919,50","377 064,51","314 841,11","332 234,42","316 563,06","310 050,71","384 305,94","379 320,94","331 351,37","533 099,93","287 277,59","337 246,03","423 208,99","313 200,36","289 947,26","389 496,20","291 893,49","345 714,46","334 367,40","311 674,14","355 149,09","503 051,38","318 338,51","346 173,64","296 742,51","278 646,65","339 826,99","271 382,02","307 866,28","311 615,40","308 954,44","350 183,19"
18728,"337 679,02","505 983,52","615 360,26","500 352,83","425 920,36","430 724,37","375 469,78","393 728,20","424 960,03","440 228,57","474 412,06","966 157,77","367 034,64","518 191,52","612 575,47","462 814,80","477 767,72","451 050,10","401 384,01","383 641,48","422 102,43","422 386,72","405 809,08","856 554,57","343 326,14","474 823,68","542 192,98","372 188,73","419 697,06","384 156,08","309 562,44","379 622,77","389 528,72","345 891,51","408 203,11","713 026,86","373 410,95","468 561,20","399 674,20","407 408,60","400 067,47","347 254,88","394 659,82","365 415,98","434 216,70","467 342,74"
18905,"244 203,05","332 538,50","384 364,95","274 017,26","233 164,54","302 207,88","282 512,32","299 492,13","311 754,56","309 734,09","300 573,06","629 356,91","249 657,07","351 573,82","423 505,63","288 132,75","268 185,63","330 085,65","284 402,27","328 657,39","299 326,33","346 369,31","296 304,92","559 127,69","236 224,53","341 003,26","408 492,66","283 599,65","246 709,19","330 688,69","259 428,55","315 125,93","330 610,07","267 633,67","314 232,83","524 706,65","272 035,28","329 160,16","251 542,80","242 430,40","305 025,57","262 465,81","307 738,69","293 246,59","301 897,46","354 899,48"
18924,"460 013,54","534 648,70","665 188,83","489 459,20","440 839,72","465 372,17","409 096,84","456 620,22","467 157,99","502 120,52","562 774,43","1 246 398,13","482 707,65","598 134,60","707 964,93","477 302,92","491 569,81","504 942,38","447 657,80","461 739,88","463 995,14","533 538,84","525 904,85","1 176 792,32","472 978,59","580 010,63","666 494,73","455 086,65","537 274,58","660 043,28","590 092,25","600 866,85","681 997,12","541 316,68","586 263,72","1 157 732,05","521 576,80","545 659,37","515 075,93","532 296,33","529 185,81","466 543,45","519 821,29","501 142,96","537 255,04","627 519,70"
41824,"294 160,86","332 418,28","420 586,93","343 592,49","304 774,20","286 569,60","276 055,52","281 996,94","318 999,45","320 237,59","323 040,75","673 695,06","288 251,64","380 476,89","409 749,79","335 297,01","341 503,35","310 039,59","273 176,74","293 777,85","343 191,18","338 595,30","311 294,64","588 298,82","273 229,23","342 130,28","373 155,76","288 540,06","308 947,53","301 654,83","246 690,06","280 409,31","298 807,77","257 811,56","325 144,74","519 751,51","284 639,82","320 274,06","282 319,11","283 913,59","282 723,54","245 294,74","261 821,58","258 710,34","297 493,14","306 374,58"
41842,"149 909,48","176 920,17","238 070,64","191 059,26","149 158,26","151 146,49","135 628,26","141 097,01","167 313,03","174 446,98","175 498,79","355 208,07","138 992,92","184 536,88","225 156,12","174 684,90","176 831,20","159 256,48","141 924,46","136 787,57","171 956,79","168 033,01","166 339,30","323 070,04","133 166,00","182 338,78","222 324,57","141 078,67","155 581,46","126 914,99","113 340,58","125 995,19","148 086,93","139 686,72","160 253,61","290 744,64","147 741,98","169 900,91","154 142,41","157 884,78","153 195,38","134 390,05","140 231,98","148 588,86","170 506,25","193 702,35"
41879,"630 048,43","730 835,86","920 025,67","584 481,33","511 397,99","614 850,38","636 695,48","647 901,42","639 669,08","657 270,15","700 889,68","1 243 277,53","665 584,83","765 631,15","990 110,33","644 974,11","608 278,86","671 770,29","671 463,23","667 237,35","662 713,89","726 994,65","580 060,02","1 075 341,58","585 804,74","687 008,21","847 772,98","556 481,66","523 809,34","626 658,09","485 657,70","557 978,64","556 746,33","517 949,65","651 303,59","998 756,08","596 646,16","662 854,61","488 123,01","509 993,22","572 125,97","490 455,67","605 135,09","511 753,88","542 880,19","639 266,60"
41882,"467 164,85","602 087,96","745 997,39","413 877,07","425 418,78","504 487,83","490 403,21","516 658,90","491 988,98","543 786,70","543 764,55","967 775,65","472 958,57","625 826,87","757 892,98","489 852,34","478 071,30","476 076,30","574 174,55","536 500,04","507 107,51","582 146,89","504 852,50","909 716,31","473 422,29","731 559,98","823 618,44","520 081,09","493 668,50","604 799,86","567 614,72","627 988,78","605 978,52","517 818,71","618 463,79","991 112,55","541 901,04","644 032,65","486 825,61","480 703,35","627 702,99","511 078,10","553 652,70","549 013,36","518 985,46","633 558,84"
41890,"195 278,33","231 440,37","323 617,79","184 287,50","163 988,83","190 063,60","175 584,53","186 165,79","207 721,23","201 694,43","210 812,88","426 637,00","196 704,38","238 973,25","347 776,54","192 911,10","200 613,93","217 275,65","212 663,14","222 034,61","218 589,86","253 134,89","215 614,57","374 964,22","188 734,81","265 538,45","333 978,03","209 188,23","198 165,79","226 361,18","194 564,21","235 940,34","212 156,48","187 083,25","258 274,73","369 290,85","224 875,35","267 843,81","203 214,71","197 878,72","204 386,02","186 642,48","238 742,90","185 807,30","192 059,22","221 927,27"
41897,"346 013,57","394 925,28","485 811,54","325 368,92","306 898,90","362 295,61","343 684,74","366 094,54","400 052,37","368 365,10","359 333,21","735 489,82","334 660,58","420 062,66","519 485,02","358 329,99","344 747,52","365 726,90","327 978,89","358 573,03","300 535,98","362 047,67","313 579,85","556 401,05","293 092,42","364 510,91","452 239,67","307 213,89","288 105,07","362 276,56","305 325,62","348 688,91","305 820,32","275 759,63","298 595,16","517 977,04","301 597,44","303 009,71","251 772,64","244 540,96","282 971,28","264 594,18","266 907,91","239 344,54","256 208,90","283 245,69"
41900,"202 809,50","264 360,34","311 564,04","261 558,92","229 210,12","264 784,44","225 959,21","271 202,18","296 768,54","280 862,27","247 696,95","494 445,64","196 134,86","300 140,25","327 381,45","272 822,69","263 868,31","272 014,55","264 643,70","284 900,39","303 306,07","283 309,58","253 419,92","447 891,04","208 358,82","279 764,81","307 184,79","226 444,18","237 645,41","238 385,83","237 863,11","255 226,12","246 846,20","247 603,23","271 820,34","431 276,40","252 561,14","327 157,32","261 894,13","239 963,88","268 825,71","232 135,31","312 036,14","292 674,53","282 864,78","308 393,13"
41910,"163 017,58","208 723,24","267 756,06","175 097,55","141 360,01","185 947,13",166188.512903226,"162 073,80","176 683,40","197 931,98","179 569,15","343 929,16","159 211,71","206 519,61","276 939,87","179 416,72","157 999,94","167 970,22","154 030,73","161 543,72","167 453,23","231 109,44","164 953,46","292 943,26","151 667,92","193 691,94","245 256,09","163 982,14","160 180,89","181 460,30","140 870,64","154 306,78","166 118,02","138 230,37","154 561,65","270 059,90","158 969,48","171 361,65","143 507,18","122 200,08","132 361,36","125 090,46","131 660,08","125 326,04","141 492,24","148 443,19"
41930,"437 202,71","487 535,61","591 948,99","410 040,92","389 665,50","461 389,22","396 913,06","431 376,77","411 874,07","443 176,81","459 623,54","953 887,53","432 123,59","499 680,10","628 935,27","404 402,66","381 848,51","359 349,93","328 796,19","343 045,41","305 553,76","337 511,79","290 364,13","606 935,82","271 920,39","324 000,62","413 770,29","260 478,31","252 691,09","306 036,19","279 481,10","307 125,83","306 892,87","275 380,63","316 246,27","609 727,09","323 165,45","320 685,41","254 172,97","245 777,00","295 197,27","256 114,83","290 430,06","264 498,56","256 420,82","297 707,73"
41933,"109 865,82","126 723,12","152 200,36","107 882,82","91 019,58","99 189,21","95 974,81","97 722,67","99 790,74","110 064,43","113 152,77","221 005,42","96 125,46","131 703,05","166 441,24","103 033,83","109 410,63","107 573,64","98 078,63","115 117,37","104 382,24","132 300,49","102 602,67","228 666,22","108 894,18","134 728,10","173 715,65","109 233,63","105 078,25","117 119,97","105 121,57","120 822,97","116 635,05","110 194,05","128 472,00","244 981,86","137 483,58","142 133,21","108 691,77","109 184,16","113 969,91","106 091,88","119 400,47","100 425,30","113 579,51","120 492,78"
41937,"347 460,17","384 190,16","493 988,18","378 390,48","337 814,91","346 342,85","317 172,70","338 366,84","355 564,98","354 175,95","423 315,92","863 454,33","369 665,18","459 482,02","559 246,23","381 858,57","375 772,79","344 001,57","308 478,83","330 966,44","358 258,00","360 084,88","356 233,36","758 862,67","309 875,45","409 728,90","488 678,61","318 401,54","331 738,37","298 833,56","261 536,39","289 507,02","302 238,58","281 283,29","331 402,62","637 856,75","314 928,54","352 376,68","313 404,50","309 941,54","322 387,01","276 273,40","294 896,90","296 744,72","318 043,26","374 455,84"
41952,"403 366,50","525 089,47","592 557,96","404 399,36","386 327,04","438 841,46","415 284,76","467 191,56","454 250,19","485 674,76","521 071,56","970 656,24","405 564,94","569 371,61","648 083,24","428 285,63","406 038,36","463 871,81","466 448,64","503 188,32","452 016,33","508 270,72","484 533,10","879 027,52","416 910,28","535 946,73","643 635,20","404 262,94","418 480,20","488 559,01","414 443,24","447 686,96","462 316,23","422 416,64","519 089,46","893 864,12","437 561,16","509 594,39","416 422,93","398 355,72","433 472,38","403 801,12","442 800,52","414 947,32","410 538,72","464 792,71"
41955,"218 254,36","259 643,24","297 596,25","242 451,25","193 062,28","228 331,19","213 182,32","216 488,52","230 198,34","234 639,93","225 411,42","465 193,77","199 144,96","269 583,81","315 032,88","226 832,07","200 109,53","239 538,28","215 611,09","221 084,71","205 818,85","243 204,06","219 986,03","437 131,77","190 029,62","250 300,52","299 323,79","216 189,64","189 953,05","228 736,03","196 179,34","223 233,31","214 152,30","200 412,98","249 816,34","453 299,08","232 376,74","257 555,24","221 949,80","199 022,45","227 826,14","210 648,70","226 527,88","202 218,65","239 931,67","241 200,44"
41958,"131 763,72","160 059,82","214 372,23","147 230,17","126 018,10","156 408,63","140 065,20","151 737,71","153 917,64","165 136,23","165 412,00","308 381,77","134 275,99","175 441,60","225 954,54","157 157,69","139 657,87","157 223,80","131 734,27","139 340,45","136 654,37","172 072,85","142 707,51","272 189,86","130 324,26","169 997,37","207 944,06","155 726,79","137 251,03","158 013,99","132 453,34","147 006,93","159 509,10","137 152,19","149 385,01","238 488,07","146 465,91","145 572,20","132 422,63","119 385,62","136 123,32","117 913,80","131 506,87","129 739,54","127 225,02","136 067,51"
41978,"183 904,59","228 351,29","276 080,27","197 409,73","168 727,28","182 534,91","164 834,44","178 837,80","185 749,16","189 350,48","193 558,50","373 205,34","165 708,57","226 228,53","309 500,40","196 649,68","163 655,66","191 337,46","179 009,62","192 126,42","185 459,44","230 056,68","190 506,43","391 895,58","194 803,99","249 583,68","326 046,48","203 310,57","174 864,32","200 194,70","182 440,79","203 960,14","188 573,26","181 925,26","201 048,84","362 427,51","202 277,19","226 397,35","174 319,46","161 047,37","178 662,03","159 393,57","162 875,79","143 581,22","181 708,39","194 343,87"
41988,"292 151,94","392 560,13","485 843,95","312 188,29","268 230,34","334 962,07","312 362,64","302 392,09","307 285,01","328 862,18","321 363,27","578 164,30","252 286,62","347 508,85","422 862,97","276 536,55","240 311,90","264 769,17","229 649,23","250 708,97","228 732,52","274 459,10","241 332,08","421 441,99","203 211,54","263 526,27","325 181,09","208 805,97","202 795,54","237 657,76","193 272,81","204 636,16","220 518,66","181 218,23","212 543,76","350 525,33","202 369,42","236 536,34","191 248,41","166 987,82","191 640,47","173 743,76","179 630,58","170 500,23","189 038,33","221 123,70"
41991,"583 088,33","697 080,37","866 877,76","643 916,37","596 320,84","611 306,69","520 712,43","615 215,18","623 097,93","635 630,49","670 334,84","1 515 944,00","609 746,76","850 236,84","977 176,85","725 649,23","813 332,97","706 033,47","609 301,00","688 867,72","708 808,94","763 585,80","752 322,61","1 612 672,45","651 474,58","900 902,35","1 001 373,72","711 884,84","749 666,86","706 946,65","628 540,58","745 785,33","749 940,68","633 488,92","813 724,97","1 439 578,31","694 312,73","874 687,93","735 303,34","814 120,14","805 860,57","636 774,95","681 425,38","702 384,89","826 730,85","923 401,10"
41998,"439 229,08","507 209,24","589 548,01","387 217,20","345 898,43","422 018,16","391 079,74","418 984,23","405 515,19","442 794,06","451 484,37","862 765,36","329 110,04","402 023,19","521 142,00","336 712,90","290 925,74","336 603,93","300 256,68","320 228,16","311 997,60","330 619,84","279 805,17","600 259,89","248 143,99","309 154,92","380 338,82","257 186,98","244 240,66","292 150,93","249 045,69","283 302,14","259 628,09","219 984,73","253 757,73","480 894,80","250 234,28","241 912,82","208 687,63","189 745,37","226 476,69","211 683,11","222 780,00","175 532,63","124 633,04","239 963,96"
42001,"409 733,69","496 969,10","589 823,38","427 574,54","393 749,78","423 020,29","397 962,43","315 021,26","310 776,88","320 979,16","349 331,29","660 379,11","259 083,93","362 500,09","393 372,05",,,,"316 564,29","240 877,55","238 322,09","293 412,36","274 983,48","528 240,58","229 771,06","321 831,26","359 994,20","268 626,87","223 988,54","223 253,79","189 445,60","187 866,73","207 239,61","208 332,08","243 615,60","446 594,37","250 100,57","289 638,07","212 550,76","191 151,58","187 329,13","155 775,16","163 226,97","169 713,46","194 452,16","223 386,43"
42011,"231 844,26","283 534,91","366 142,77","279 417,63","248 928,09","268 666,43","212 021,40","231 538,08","243 172,00","256 706,88","284 831,66","542 595,39","228 061,02","303 045,73","351 845,46","262 513,74","279 949,26","249 969,93","221 809,92","212 410,17","222 089,36","238 107,99","257 412,81","498 183,18","219 294,59","281 006,38","332 594,16","236 814,49","258 088,01","239 415,82","202 552,29","213 718,92","214 852,35","204 694,44","244 118,99","439 098,92","242 297,30","267 527,89","235 236,43","233 431,29","221 947,04","193 762,65","201 778,23","191 799,05","223 143,00","246 126,61"
42019,"349 175,65","428 953,99","540 926,39","324 392,60","309 350,01","356 982,08","338 761,67","404 598,41","388 900,94","431 534,92","406 191,28","883 086,09","377 759,85","501 202,85","561 997,42","363 731,16","351 048,81","385 331,27","402 680,33","406 822,08","384 061,51","436 478,65","409 920,76","731 540,48","359 273,61","422 936,10","497 617,65","352 994,20","324 350,92","408 037,98","374 163,32","398 273,28","400 277,93","370 121,28","397 926,19","767 033,89","334 578,61","413 062,70","355 091,97","367 755,83","427 415,52","412 546,15","415 900,78","405 427,66","452 073,45","506 063,09"
42024,"317 096,99","395 624,83","475 396,40","311 416,50","275 884,74","369 157,95","307 646,32","345 301,90","333 783,26","376 914,30","373 999,31","747 596,81","324 471,87","421 439,52","496 449,37","341 759,07","318 715,65","367 180,81","343 098,48","338 437,65","308 926,78","381 812,22","355 511,43","648 281,19","285 382,82","404 526,60","459 660,87","318 653,18","317 451,75","354 489,84","293 762,48","305 207,31","325 476,88","298 601,63","336 636,64","580 857,87","331 541,31","372 918,27","310 748,34","287 405,11","332 787,81","292 363,33","316 617,50","278 816,75","305 562,07","329 042,38"
42028,"147 383,42","187 187,28","236 393,38","132 624,53","128 840,15","151 571,81","137 189,08","157 453,86","146 913,26","145 578,86","161 151,60","368 359,82","152 664,55","183 378,99","283 479,22","168 275,34","160 995,77","185 651,18","177 280,54","177 222,33","166 504,26","204 648,05","177 368,10","370 647,15","172 728,66","192 654,99","265 804,12","169 525,50","163 126,14","196 686,36","182 567,51","192 317,64","182 444,90","175 829,32","188 050,11","362 956,52","168 753,95","193 086,63","151 707,53","149 983,64","174 111,69","163 927,82","161 989,65","181 833,34","171 794,12","186 772,39"
42042,"178 600,20","224 322,20","272 423,01","192 670,01","163 572,75","178 361,00","179 389,01","190 412,85","204 367,28","196 306,46","193 904,71","371 245,90","188 650,11","217 355,25","285 907,22","189 826,04","184 442,53","208 724,19","196 742,96","202 530,40","194 128,57","206 517,35","184 046,98","312 539,08","172 472,04","219 037,98","270 304,97","184 073,41","186 170,02","221 486,50","187 721,22","212 082,92","206 775,23","183 348,48","212 525,60","337 314,65","194 757,63","204 140,49","176 012,29","177 304,02","200 081,05","175 136,21","203 250,60","172 536,82","181 441,42","194 404,47"
42049,"395 394,21","473 125,81","547 344,00","385 325,38","355 377,20","422 015,65","397 461,34","416 557,36","409 525,35","405 773,89","423 313,02","815 603,00","388 003,67","455 020,54","553 952,16","383 474,52","351 472,76","398 437,03","369 991,70","408 476,70","358 734,17","461 256,50","384 050,86","731 751,59","363 777,49","453 364,47","530 900,29","342 649,67","341 037,98","397 206,42","353 013,61","397 104,91","349 309,31","352 131,81","400 128,69","658 155,76","371 307,88","396 889,45","333 071,82","313 597,97","347 688,12","309 992,37","342 437,94","303 853,13","319 251,22","379 989,21"
42051,"552 561,71","753 897,21","890 642,67","630 200,70","529 752,51","694 925,72","576 253,54","604 423,69","701 753,28","720 673,79","699 282,32","1 325 490,30","540 906,13","796 836,47","965 421,57","667 520,41","621 810,74","691 102,28","598 477,62","663 892,05","652 034,23","707 454,36","663 350,54","1 156 907,46","540 019,58","719 549,35","899 448,23","623 160,68","588 082,89","684 730,39","533 240,11","607 387,66","675 313,56","551 453,00","661 192,98","1 071 238,67","569 458,71","662 602,93","583 917,11","550 627,63","601 681,69","462 552,30","499 383,20","519 054,02","522 790,42","514 419,59"
42056,"671 464,54","792 980,21","1 009 918,16","850 025,94","731 086,37","765 542,94","598 994,84","684 064,06","715 839,34","796 251,45","832 687,20","1 723 605,16","684 600,74","833 183,47","1 156 355,34","825 745,86","920 407,17","769 036,67","644 056,33","678 793,24","697 195,65","808 693,14","731 584,52","1 516 580,87","629 925,89","813 347,12","1 029 400,01","744 790,46","776 790,24","699 908,34","591 918,22","679 369,27","704 116,21","676 406,08","806 430,23","1 331 594,49","693 179,54","792 010,75","780 814,70","816 903,83","803 849,16","616 445,96","700 798,41","694 629,75","800 164,76","852 980,03"
42057,"300 944,36","372 557,75","447 577,44","308 704,87","298 374,30","335 363,45","327 794,45","339 993,93","359 017,89","325 974,80","297 572,56","580 346,08","247 655,48","345 956,46","409 759,89","289 619,48","287 499,52","352 158,20","322 374,66","357 623,69","337 309,31","350 475,50","286 117,53","434 477,92","244 090,48","306 041,22","354 468,36","246 871,97","241 780,79","289 141,06","245 876,12","289 886,78","299 060,08","246 040,48","231 067,33","395 438,44","216 205,08","251 615,48","218 732,72","209 902,34","234 079,27","232 001,93","254 314,68","232 577,44","228 781,49","237 918,28"
42067,"628 606,15","782 399,43","951 061,13","656 418,92","609 605,23","592 214,62","530 772,24","563 528,50","586 790,11","608 191,07","761 754,84","1 544 761,21","618 664,28","778 685,65","948 356,72","610 125,39","648 604,55","628 196,23","541 807,50","548 504,05","589 191,50","637 511,71","627 179,87","1 422 015,15","-647 640,29","753 790,41","935 546,55","628 566,20","637 909,55","614 446,06","549 947,44","580 690,43","666 550,46","588 590,67","808 499,37","1 416 854,02","704 630,18","788 143,50","650 247,78","656 367,39","680 679,17","577 640,86","634 563,41","635 086,87","675 972,36","778 308,80"
42075,"454 076,46","647 177,86","871 520,36","628 614,67","479 225,20","565 338,58","535 682,58","480 061,33","546 778,83","615 412,66","609 165,29","1 396 492,30","546 370,92","781 355,47","903 847,90","667 199,13","561 433,99","612 188,04","568 392,98","548 349,52","596 975,75","636 618,79","606 184,96","1 161 946,61","512 690,83","678 073,93","776 526,53","556 318,08","527 867,18","637 323,75","491 164,80","531 609,96","549 525,21","518 261,37","629 649,67","1 035 075,04","473 942,25","639 480,40","539 670,21","503 908,19","573 571,54","496 567,82","537 763,91","526 286,25","585 681,41","683 306,38"
42080,"401 915,38","528 995,11","650 270,97","389 866,64","396 271,00","385 066,69","392 997,21","429 238,26","449 474,06","511 510,21","499 383,04","940 986,20","407 747,25","588 237,88","655 655,89","446 613,23","397 235,95","442 263,92","435 381,47","467 784,92","506 641,55","560 217,50","511 555,48","892 772,23","429 391,66","549 493,75","683 104,14","426 240,29","403 453,67","496 281,24","401 605,46","458 522,75","481 948,48","448 763,76","514 977,53","795 445,19","427 990,47","486 458,81","360 320,06","349 441,68","412 957,74","339 348,88","403 841,77","436 596,61","403 407,45","431 869,39"
42100,"500 366,23","643 781,97","735 710,71","505 291,57","456 312,06","514 403,52","492 615,24","502 197,12","507 158,56","570 477,59","576 983,80","1 274 049,05","516 525,78","669 128,79","770 945,30","549 373,26","478 407,87","525 020,30","492 773,43","459 197,85","485 731,03","520 606,31","521 467,44","1 124 531,61","440 828,73","544 966,15","672 397,91","474 810,75","418 946,79","497 326,39","427 030,81","436 310,39","515 970,20","424 923,70","515 915,93","1 023 227,45","430 615,62","496 389,97","430 009,48","377 738,71","460 946,54","406 284,77","428 545,79","453 470,48","456 956,01","562 372,10"
42102,"534 846,42","725 880,91","837 887,39","608 754,33","519 952,94","629 342,15","557 715,15","570 953,07","626 111,20","688 022,06","701 596,21","1 347 982,96","547 808,49","768 700,26","891 541,29","661 848,10","615 473,97","656 997,17","569 589,04","532 415,17","604 880,24","635 252,47","612 494,31","1 133 862,51","459 105,13","647 006,90","743 224,31","542 963,13","537 890,86","632 377,94","508 505,32","510 019,72","553 085,52","527 199,59","580 616,42","982 004,36","469 963,49","560 313,93","534 690,89","511 027,63","614 562,68","509 514,98","562 786,27","538 255,03","590 525,53","648 968,36"
42117,"271 799,96","302 923,80","352 652,03","290 865,50","244 778,11","259 172,73","261 329,33","282 343,83","288 790,12","305 781,32","317 876,19","561 689,83","268 720,88","291 410,40","360 927,86","305 084,79","243 601,17","267 928,68","256 540,52","269 025,95","304 101,98","299 991,24","272 532,82","440 136,07","211 331,22","316 895,90","389 802,11","237 063,52","224 260,79","281 073,30","219 753,66","263 860,80","279 768,04","252 862,28","264 948,20","437 072,35","253 066,56","248 377,32","219 530,27","208 891,35","261 239,93","195 883,64","226 691,39","183 506,86","185 940,58","211 773,34"
42118,"477 039,91","564 751,85","625 344,58","387 545,99","400 796,42","433 408,99","385 866,75","424 824,78","410 459,10","437 299,20","408 876,22","945 882,51","463 800,50","583 614,29","672 414,52","439 319,79","418 944,04","487 841,68","462 107,52","411 412,97","436 449,87","490 825,06","454 810,24","937 525,78","442 086,43","512 914,16","622 805,47","439 158,68","439 399,37","491 588,33","427 290,21","448 062,11","433 281,46","421 774,14","507 388,85","905 945,93","433 550,71","502 720,73","399 300,33","383 951,18","463 222,02","415 591,34","444 052,83","385 574,63","421 149,38","544 449,14"
42132,"392 567,02","492 616,54","548 249,05","375 326,57","351 457,63","408 164,61","424 135,38","448 348,39","482 615,40","522 399,45","501 171,42","967 414,38","462 805,87",565 006.39,740 025.32,"523 198,87","479 422,82","542 986,67",,"687 991,20","549 747,43","673 200,42","664 607,04","926 897,41","427 563,42","557 485,61","654 977,51","452 334,19","416 775,76","509 538,09","411 076,81","478 432,58","480 642,17","418 959,47","515 951,77","793 774,93","415 842,59","467 840,73","387 206,21","348 629,40","454 408,55","377 589,61","403 862,49","425 747,23","395 631,00","451 610,74"
42135,"413 151,76","541 447,30","608 304,51","456 252,27","373 618,02","462 558,97","397 286,14","402 438,14","458 434,43","469 814,49","477 997,53","1 002 585,19","431 856,75","588 420,63","691 095,94","453 438,99","425 771,79","475 292,86","389 994,94","386 647,41","485 753,41","505 535,89","472 976,66","889 261,52","388 486,01","509 992,26","592 517,62","392 422,31","378 642,60","426 021,32","349 326,44","374 943,13","403 199,36","366 950,04","420 568,77","784 805,96","368 391,29","476 291,32","368 586,01","341 190,16","353 588,44","311 656,38","332 080,86","359 061,85","365 121,74","455 202,21"
42151,"2 194 019,42","2 613 882,16","3 197 475,96","2 605 320,41","2 190 041,38","2 776 213,15","2 454 759,72","2 714 817,56","2 865 670,86","3 250 332,92","3 130 351,02","5 896 149,54","2 750 077,23","3 765 959,65","4 396 496,06","3 548 574,21","3 004 449,48","3 426 304,75","3 191 344,25","3 526 473,44","3 615 486,93","3 671 684,62","3 635 487,84","6 251 272,12","2 712 996,07","3 533 192,17","4 216 628,64","3 343 032,42","2 872 168,40","3 389 693,41","3 012 664,10","2 953 128,27","3 275 183,69","2 856 331,80","3 652 450,54","5 663 313,69","2 894 687,58","3 514 716,77","3 322 618,79","3 091 117,27","3 639 575,00","3 160 222,63","3 301 408,30","3 201 380,29","3 307 600,15","3 909 894,80"
42156,"260 592,09","301 938,80","406 857,25","267 426,24","240 642,10","252 872,44","227 303,68","242 696,69","236 613,81","247 887,63","294 141,28","678 621,37","264 463,58","349 500,46","429 907,07","275 839,92","272 521,56","255 131,58","238 261,06","247 975,31","249 503,91","279 918,74","264 645,04","600 193,92","262 988,33","326 669,12","401 700,13","257 206,22","266 067,82","249 781,47","231 029,17","232 550,89","262 877,38","210 783,38","270 951,45","550 287,70","271 854,48","302 020,83","239 486,83","246 396,17","249 492,10","227 085,74","239 764,20","224 413,49","247 228,73","265 928,89"
42179,"283 963,21","474 068,76","568 776,90","391 770,07","332 105,63","394 413,38","351 391,26","361 938,13","380 004,03","424 396,84","405 822,94","890 376,36","381 150,14","542 692,39","621 830,45","438 299,19","317 949,88",,,,,"469 701,92","393 792,13","815 906,24","365 872,80","503 117,90","532 478,68","371 270,12","338 339,97","389 048,80","337 831,51","356 815,81","346 569,36","329 976,79","357 763,45","678 201,69","311 006,34","345 724,80","307 977,10","297 820,88","364 832,65","267 796,76","311 964,27","316 483,74","340 218,71","347 861,76"
42189,"418 897,89","440 897,55","564 627,67","402 556,41","377 214,65","421 663,69","394 939,36","463 090,57","427 756,69","471 846,44","493 107,12","1 073 049,26","441 019,91","563 818,84","638 133,78","490 605,82","487 823,42","549 124,43","507 358,34","528 226,49","509 251,42","504 593,86","454 915,46","961 527,60","454 342,28","506 412,15","583 622,72","416 274,42","408 325,08","458 456,74","440 800,30","454 957,88","484 879,50","408 478,06","493 382,61","986 864,74","478 069,49","515 156,87","493 265,75","485 431,75","557 438,72","486 099,95","544 809,72","517 868,25","482 114,53","599 330,77"
42191,"1 517 144,30","1 527 406,56","1 963 732,31","1 539 652,67","1 293 609,12","1 538 640,64","1 265 591,72","1 473 602,64","1 622 752,36","1 699 108,33","1 745 319,51","3 297 442,87","1 745 328,02","1 702 519,30","2 070 484,72","1 622 718,72","1 704 226,37","1 821 890,32","1 765 663,81","1 567 109,76","1 687 007,55","2 140 080,57","2 046 691,33","3 511 543,75","1 869 250,56","2 007 945,03","2 196 840,49","1 639 914,74","1 821 587,25","1 961 135,36","1 892 287,23","1 942 660,28","2 046 823,55","1 838 707,23","2 253 635,73","3 594 532,11","2 114 604,91","2 309 856,12","2 112 184,94","2 309 666,01","2 818 972,46","2 516 305,35","2 730 944,36","2 789 306,06","2 811 758,39","3 067 991,09"
42192,"151 637,32","216 306,99","277 075,33","180 022,31","170 645,39","196 597,06","176 633,32","194 029,57","204 538,50","202 785,03","190 298,74","366 739,93","157 156,29","219 535,91","263 464,08","180 751,27","174 377,54","200 850,48","172 807,40","181 212,26","182 401,36","210 517,01","161 834,14","288 096,28","145 799,50","187 834,60","228 228,96","159 337,16","140 776,15","171 973,02","129 564,99","149 789,75","155 721,03","138 721,61","147 342,40","236 467,52","135 509,31","154 444,76","129 081,01","129 195,53","140 256,68","114 631,79","137 375,07","140 619,26","132 880,63","147 962,23"
42194,"163 121,75","195 895,61","256 346,37","174 174,00","165 701,52","190 332,61","175 550,03","177 132,30","198 331,90","202 882,91","184 717,35","332 097,42","178 268,22","223 976,28","291 708,26","190 384,39","203 908,40","226 212,22","184 237,38","191 685,46","174 184,36","219 360,20","173 898,66","295 640,21","161 096,78","201 973,11","258 419,83","181 691,86","173 231,21","237 176,77","217 175,74","227 969,22","194 405,16","160 186,13","175 110,00","275 484,26","172 494,44","184 930,85","164 048,73","143 031,37","190 272,68","149 175,92","175 660,11","178 172,11","177 279,11","186 147,52"
42201,"387 040,00","467 973,05","517 188,87","346 948,60","332 938,99","329 137,87","335 983,06","388 098,74","360 881,39","446 975,61","411 615,20","824 538,88","328 810,29","370 114,18","533 559,48","557 303,63","287 107,10","473 081,95","535 559,63","429 315,09","331 982,24","416 875,31","325 267,70","575 129,76","297 724,71","330 894,67","386 762,04","216 458,90",,"382 242,00","317 696,24","387 195,68","368 140,88","342 466,09","391 239,58","631 031,69","321 468,47","389 726,82","296 221,00","309 055,20","354 917,26","349 539,24","362 206,71","331 397,22","353 939,45","395 431,68"
42204,"138 342,19","182 352,67","224 840,47","129 653,39","117 262,27","153 938,76","133 176,18","158 712,21","146 608,01","155 954,33","152 804,84","338 557,38","137 679,35","176 569,74","228 844,81","141 326,10","148 554,24","159 055,88","158 013,76","182 216,45","143 892,59","179 254,67","148 488,99","290 576,18","141 774,27","165 953,85","221 218,11","140 603,15","141 436,50","161 556,75","149 503,81","170 164,18","170 236,71","155 990,39","183 633,28","299 695,87","160 898,80","171 539,62","136 093,55","135 727,99","148 455,29","143 561,94","161 570,08","145 780,49","151 386,44","156 269,43"
42217,"223 333,37","267 386,79","337 913,31","227 749,41","202 738,81","259 985,12","236 980,48","232 786,74","246 530,70","263 456,22","254 782,28","530 872,65","221 759,20","297 971,92","384 667,19","258 444,40","241 901,76","265 089,31","286 630,76","251 396,06","246 138,92","313 272,86","280 958,42","514 163,75","245 286,29","345 631,67","362 838,38","268 362,56","254 389,35","317 452,87","279 751,40","292 291,82","287 044,40","1,00","1,00","1,00","1,00","1,00","278 747,46","263 047,51","313 281,35","291 874,75","303 080,95","270 480,10","299 202,39","334 457,97"
42219,"157 466,51","202 047,92","234 949,41","177 244,29","148 637,11","183 352,65","152 184,05","162 511,24","177 276,03","191 130,82","176 962,01","348 791,09","165 361,77","183 196,82","234 128,89","181 151,86","166 158,58","173 533,51","162 844,34","169 838,71","173 049,63","200 700,71","179 830,30","296 884,38","153 981,33","193 982,34","218 773,54","180 842,44","160 221,13","203 322,00","152 459,21","185 836,71","192 150,00","184 436,90","216 600,76","334 812,29","213 195,21","226 674,97","207 612,42","192 076,21","208 005,95","165 456,48","177 566,06","183 363,71","172 723,98","181 743,18"
42220,"251 442,39","317 900,07","366 595,47","285 741,70","251 321,52","302 080,38","248 677,53","284 744,79","293 942,02","350 213,62","275 488,00","546 606,83","183 563,90","248 947,69","301 895,27","280 937,17","220 021,10","240 447,23","206 731,11","229 384,01","239 959,38","241 038,74","224 250,88","402 262,01","191 933,06","272 088,55","320 457,00","225 224,11","210 559,26","221 564,42","207 391,05","227 529,50","225 449,17","202 195,70","224 719,23","359 309,38","183 409,32","226 322,33","216 272,13","191 377,51","201 106,30","178 050,35","205 602,23","184 994,30","218 083,80","217 239,68"
42224,"228 205,10","327 431,41","381 904,23","230 734,34","243 279,32","237 240,19","273 956,13","263 595,15","285 947,14","311 684,62","300 168,28","544 829,85","225 451,39","334 038,95","376 168,84","257 862,61","235 641,72","238 297,64","249 103,48","207 319,08","211 390,08","227 625,91","193 314,69","400 784,97","164 307,75","230 841,37","277 652,07","176 020,52","174 597,20","212 203,99","179 965,94","203 329,11","223 376,43","204 318,47","239 761,28","424 411,05","220 424,58","258 160,78","197 812,48","196 268,22","220 137,26","209 729,49","227 493,99","260 151,38","230 353,01","263 627,78"
42235,"165 735,02","241 202,15","290 897,73","190 264,18","157 865,36","239 970,79","153 381,62","186 750,94","211 706,37","228 896,41","204 148,27","420 374,76","163 507,45","235 609,91","265 064,69","187 414,63","198 429,00","280 821,86","203 451,07","235 858,35","219 608,80","275 226,56","228 834,87","379 478,60","171 146,14","235 484,27","271 103,69","177 398,32","203 118,94","245 988,49","173 372,88","202 541,37","241 686,21","197 057,65","206 014,60","321 586,24","181 431,58","224 741,35",172942.55,"162 454,56","211 609,68","150 856,70","189 212,70","207 365,88","171 767,84","211 433,31"
42238,"277 173,23","371 464,98","423 192,42","289 493,40","274 870,98","291 003,79","269 989,18","275 862,47","321 393,86","325 385,42",336 048.92,705 402.96,284 880.04,"416 003,56","467 281,97","330 714,15","295 782,52","341 107,40","287 883,17","271 233,52","317 410,08","331 507,03","315 484,20","641 438,26","259 836,43","353 722,61","407 781,56","273 575,64","270 077,85","292 361,43","232 802,63","253 636,21","273 655,65","245 422,01","289 894,68","586 750,81","245 952,07","303 762,35","224 166,19","212 263,77","366 374,22",,"319 653,22","250 666,78","229 532,18","251 905,26"
42242,"264 344,06","348 946,37","415 594,61","266 054,00","245 366,53","276 015,39","231 961,68","260 843,30","261 634,96","302 366,32","284 200,05","643 540,60","262 235,28","341 500,41","413 340,77","278 217,41","253 406,97","291 884,93","245 933,26","220 819,15","268 867,52","274 188,62","257 091,97","560 730,92","231 679,64","302 567,74","343 269,47","228 226,83","237 794,19","258 506,96","224 403,33","225 134,84","246 777,25","221 080,08","245 115,71","525 807,28","217 416,74","259 275,51","220 794,48","189 777,26","211 829,17","183 364,93","192 615,85","213 716,99","214 700,31","272 886,19"
42248,"118 381,09","142 296,96","177 630,04","105 843,23","96 567,73","111 594,14","106 395,93","121 443,22","123 286,91","133 878,87","127 063,84","247 171,48","134 619,46","162 284,06","215 797,22","122 230,02","120 542,86","123 074,24","129 679,59","138 937,98","135 821,15","150 396,63","130 284,77","268 532,96","139 675,01","191 013,12","242 830,95","133 755,55","127 860,08","159 870,91","134 751,92","165 084,88","150 008,80","139 705,18","147 402,98","272 670,69","167 449,31","178 272,03","127 620,93","114 885,09","141 180,03","128 800,01","148 062,57","127 895,07","125 860,30","151 156,58"
42253,"343 579,98","479 540,42","572 738,55","459 005,93","369 794,04","456 733,51","385 927,20","363 466,71","469 847,53","484 774,23","464 297,11","890 721,87","280 242,95","434 686,01","518 632,44","389 843,41","351 342,90","382 053,58","308 187,00","296 495,91","371 143,38","360 148,68","344 758,29","662 441,37","325 230,70","453 209,16","526 543,26","390 821,06","416 217,30","457 807,04","368 732,04","396 982,56","461 366,58","396 040,02","495 609,62","831 598,53","411 596,89","503 612,67","454 489,36","434 272,41","480 574,09","374 980,65","439 845,75","436 246,11","490 626,60","547 737,02"
42263,"234 787,54","337 814,60","378 565,06","272 321,91","228 650,38","266 936,02","241 399,31","233 845,16","269 353,54","295 029,35","300 733,40","645 838,47","246 682,84","333 979,17","410 021,59","288 300,62","247 402,26","267 561,91","245 474,09","235 028,60","272 744,71","289 087,03","266 258,50","564 197,04","208 747,58","275 954,72","347 336,78","266 414,77","239 474,10","286 836,14","231 224,79","233 787,46","243 344,98","233 510,53","258 410,77","16 497,00","223 774,95","289 806,88","241 726,87","213 938,46","264 281,47","219 509,92","216 172,39","223 981,37","231 733,06","284 040,70"
42288,"602 044,89","791 898,76","896 798,95","575 906,14","546 822,22","615 698,67","580 108,78","597 284,15","590 495,05","695 138,27","688 037,78","1 511 450,51","634 627,07","847 087,68","972 244,20","645 183,11","602 155,71","664 264,31","626 529,67","595 947,83","611 166,80","664 222,66","622 018,23","1 339 611,32","589 751,87","762 327,98","861 986,53","591 691,90","588 228,69","664 502,23","596 776,81","356 076,46","429 255,17","430 069,65","516 751,74","952 376,23","437 161,82","559 771,05","376 377,03","378 796,39","503 155,97","380 061,59","443 978,34","456 469,79","458 837,32","540 462,05"
42298,"238 476,34","280 657,14","339 393,96","248 651,43","219 243,27","280 835,94","260 347,65","263 424,71","282 381,51","302 589,88","288 474,31","579 190,77","246 479,67","334 167,31","398 900,46","262 624,72","275 329,64","315 136,10","265 105,32","268 509,36","278 402,90","344 476,49","277 356,06","509 989,15","259 974,80","348 530,78","383 935,42","286 060,96","294 186,58","372 170,53","327 397,33","348 910,53","337 384,93","291 660,23","327 151,71","563 138,66","296 457,73","359 740,35","295 209,54","294 885,49","329 325,08","299 828,34","325 558,75","295 470,95","326 816,50","354 293,46"
42304,"786 314,64","1 106 585,38","1 232 703,54","878 799,83","777 849,40","963 035,37","831 116,10","900 865,65","1 034 183,44","997 196,83","951 606,05","1 766 614,38","811 662,08","1 094 082,23","1 289 066,80","938 876,58","915 218,66","962 622,41","952 120,47","1 016 676,25","1 061 127,63","1 134 019,01","1 029 272,81","1 701 608,48","874 474,44","1 140 591,22","1 299 987,69","1 118 258,20","1 166 586,85","1 267 775,47","1 133 029,93","1 235 602,05","1 353 258,11","1 294 372,69","1 489 295,81","2 491 504,11","1 224 759,04","1 443 599,02","1 252 947,92","1 134 196,03","1 371 647,24","1 220 029,84","1 270 806,70","1 381 457,87","1 413 675,30","1 621 987,36"
42312,"391 121,25","527 641,29","621 516,35","435 780,81","362 702,24","449 316,75","394 088,95","403 953,50","454 876,42","509 798,10","479 802,61","1 009 995,19","373 389,95","567 719,15","658 588,85","461 519,98","408 183,51","467 673,00","389 967,32","392 120,83","439 969,27","468 169,34","444 261,71","855 072,68","365 523,02","483 705,37","578 646,19","402 085,23","394 646,80","459 171,04","355 739,32","393 217,49","395 609,41","365 004,86","410 649,53","728 802,17","364 881,23","405 085,87","351 577,18","322 461,49","364 849,35","294 924,64","315 590,03","322 863,26","359 323,12","433 132,39"
42314,"308 724,44","408 784,00","460 881,18","310 459,35","316 428,97","308 830,85","315 467,56","349 312,21","364 106,97","425 014,30","400 001,75","759 626,08","321 682,47","456 826,57","527 619,06","404 476,67","318 669,30","354 634,07","348 970,65","365 053,98","403 798,27","412 808,65","669 030,32","944 776,01","444 237,48","557 452,48","676 718,49","458 254,42","412 152,34","548 312,65","424 131,80","480 386,60","493 863,38","434 344,79","565 208,45","908 242,04","428 007,73","500 463,73","408 448,94","382 683,91","439 679,19","394 237,56","463 157,78","473 679,10","427 161,81","500 322,99"
42316,"483 906,72","546 801,67","718 219,48","547 728,48","449 389,38","495 608,64","454 700,01","489 826,19","520 272,58","525 640,94","598 057,66","1 191 636,35","509 046,53","628 272,60","728 705,31","522 717,60","520 803,10","521 276,19","463 977,63","488 271,11","499 719,23","526 480,20","606 587,75","1 221 647,72","535 284,45","677 133,63","793 314,64","524 286,98","564 654,13","537 083,52","480 994,59","494 724,26","543 634,27","498 501,03","636 928,29","1 099 870,85","558 616,45","657 485,28","536 542,59","550 235,30","576 113,92","495 645,77","508 032,62","498 547,78","568 907,89","644 829,73"
42319,"937 093,67","1 134 076,29","1 272 159,52","1 051 448,84","866 973,59","1 085 565,67","990 347,06","1 081 381,46","1 155 475,21","1 250 608,06","1 182 082,50","2 448 194,07","1 141 345,88","1 421 052,97","1 622 232,06","1 323 466,04","1 213 570,16","1 268 635,67","1 156 121,41","1 171 858,23","1 280 883,29","1 242 260,40","1 313 863,33","2 281 033,67","997 895,92","1 351 871,38","1 494 149,76","1 219 488,88","1 097 972,36","1 335 273,17","1 142 967,82","1 117 313,65","1 094 492,79","1 024 618,87","1 164 984,88","1 779 698,34","948 042,44","1 172 478,93","1 109 079,25","940 113,19","1 159 449,56","1 001 108,10","1 089 362,54","996 613,86",,
42332,"221 481,95","264 078,10","346 613,40","228 278,63","187 106,17","220 087,27","199 376,67","213 797,90","227 033,13","247 100,16","252 142,91","475 676,20","212 358,00","281 976,52","366 542,84","255 928,94","215 406,50","235 323,78","223 046,26","225 869,72","227 276,58","276 426,73","272 157,54","450 625,80","242 252,68","309 420,44","396 434,12","263 089,28","229 360,82","292 785,79","213 449,11","260 175,87","259 111,88","245 589,62","272 282,64","444 059,75","292 492,90","324 522,48","265 861,00","248 958,10","275 409,94","222 810,53","246 595,97","254 475,33","251 686,74","272 656,63"
42345,"563 434,45","588 794,37","738 200,97","543 119,12","505 821,79","618 564,24","680 566,14","792 169,64","743 368,92","724 935,90","617 625,99","1 239 804,37","663 212,85","736 830,92","912 470,64",631173.08,"684 103,80","793 166,39","975 035,45","1 027 662,60","901 945,37","833 703,27","697 343,03","1 267 204,82","713 970,40","799 009,38","961 000,70","635 242,48","672 910,44","829 711,96","921 185,67","1 089 224,83","905 652,79","794 092,35","810 780,53","1 302 428,00","794 261,96","858 881,32","697 640,46","678 140,80","901 240,96","991 249,25","1 052 050,89","927 984,42","809 842,74","890 520,41"
42355,"85 751,51","105 745,92","146 492,90","85 729,96","93 568,54","146 862,61","182 964,36","211 138,44","192 441,69","126 862,62","90 767,45","194 722,60","79 599,66","99 675,19","129 198,82","83 833,03","90 507,77","143 539,24","204 567,08","239 827,45","194 232,53","130 127,48","89 366,95",179 944.79,"80 211,67","109 187,93","130 552,07","77 840,55","85 575,56","153 777,75","174 416,68","207 114,53","174 407,13","118 976,95","102 064,09","175 107,26","94 826,79","103 373,90","79 854,85","84 665,27","130 930,73","164 624,14","206 688,78","170 605,95","107 081,95","103 495,38"
42368,"495 181,40","635 521,97","736 313,64","491 456,73","479 248,39","531 883,56","459 149,05","545 733,82","601 488,13","636 064,58","681 358,29","1 140 638,89","545 935,14","646 203,23","769 325,91","567 838,25","554 051,43","655 431,68","596 274,79","670 410,41","650 349,91","694 186,16","614 323,37","1 151 109,86","561 614,04","671 219,02","784 256,38","561 538,26","574 931,08","689 722,67","613 455,19","791 864,98","681 763,63","676 850,05","735 635,84","1 278 667,11","698 664,45","765 226,19","639 936,98","640 013,17","809 749,93","697 356,97","782 840,73","806 436,57","777 021,98","826 808,41"
42375,"495 635,27","610 566,83","729 807,14","525 521,20","431 069,83","519 357,04","468 666,70","461 428,75","508 943,28","575 893,97","611 795,35","1 203 084,94","509 111,34","726 453,78","833 137,05","591 436,94","539 532,29","555 473,23","508 505,29","466 732,42","548 666,64","597 380,37","559 286,88","1 125 958,79","519 906,85","682 218,77","810 467,68","580 801,77","549 106,44","619 139,15","490 182,22","541 998,78","568 623,31","520 366,52","634 408,60","1 106 111,36","524 818,83","661 536,26","550 615,04","487 118,11","566 585,28","460 816,88","510 064,03","506 733,31","541 979,76","628 848,12"
42379,"170 613,73","233 023,78","271 680,68","178 956,63","160 447,87","191 808,00","184 215,98","190 018,99","188 803,15","198 060,40","201 141,14","415 890,24","177 206,81","230 446,13","298 553,17","184 516,14","196 249,53",,,"303 099,91","247 818,06","252 799,01","237 062,54","435 022,82","216 435,54","271 305,42","341 194,24","203 383,83","211 156,02","268 786,16","205 478,86","275 057,51","229 464,06","208 477,72","252 728,61","429 795,93","249 279,70","263 483,15","206 774,49","206 711,16","259 486,80","234 693,09","259 235,71","227 310,30","226 225,53","292 021,41"
42383,"227 416,89","301 359,18","366 492,96","256 595,88","223 962,10","241 470,29","268 201,83","285 165,50","268 671,80","307 369,44","313 546,75","542 316,64","252 934,44","315 365,36","396 360,04","268 140,63","244 010,42","254 807,25","268 337,01","266 149,49","292 829,20","298 976,95","263 109,09","478 168,72","247 749,50","299 834,34","361 285,76","267 474,60","233 104,63","295 844,37","237 027,38","274 366,57","340 023,99","285 341,65","331 181,08","480 606,55","290 967,72","310 493,43","264 606,22","219 131,29","279 045,80","239 944,95","294 459,34","270 101,65","238 021,19","287 760,17"
42383,"394 456,82","454 259,38","583 649,97","443 076,41","391 290,35","408 554,29","357 205,57","390 696,35","417 790,10","430 764,78","494 164,47","975 545,97","432 084,77","561 409,61","669 310,10","487 761,42","485 661,46","456 049,37","392 559,43","430 120,35","469 779,12","492 347,53","488 088,28","966 823,18","449 199,27","551 020,18","656 515,23","434 812,01","496 444,92","451 425,45","392 264,51","412 884,19","441 486,34","389 910,16","489 110,06","857 623,94","482 870,72","508 593,69","438 699,82","445 378,68","425 878,13","369 380,53","407 637,96","384 249,39","449 429,47","516 463,89"
42399,"67 675,91","110 192,51","103 269,42","64 570,52","62 536,85","96 424,16","56 681,60","71 652,13","81 593,12","80 105,77","68 072,14","170 263,85","68 546,18","82 375,62","127 378,48","56 640,98","68 300,63","80 263,21","65 561,25","93 803,77","74 967,65","81 180,00","75 512,84","175 934,23","64 344,88","100 220,55","105 346,68","68 601,75","71 913,95","78 135,80","62 096,30","68 258,65","79 720,48","67 781,57","79 482,35","158 059,34","65 173,05","92 343,42","73 280,64","66 984,72","72 194,03","55 311,62","63 698,47","65 231,25","75 673,81","73 542,25"
42406,"260 153,89","352 474,22","402 704,84","252 959,42","253 788,07","301 388,21","253 900,67","261 648,90","276 311,40","329 474,71","339 328,47","694 802,27","316 319,05","396 210,49","496 695,79","322 322,43","310 889,08","351 805,17","317 654,82","317 113,77","302 256,74","382 833,53","272 679,63","586 430,26","276 347,90","370 309,60","446 096,14","278 151,03","275 329,15","341 795,37","284 613,04","305 074,22","311 163,88","312 847,24","350 833,78","668 199,59","306 275,73","416 655,45","280 523,24","294 510,78","318 001,13","281 289,36","292 102,15","287 975,82","292 748,75","341 420,35"
42422,"232 976,51","314 623,68","348 278,81","183 403,51","181 645,36","214 560,99","222 363,90","265 095,58","200 252,04","225 059,81","245 672,67","505 614,68","221 053,10","236 999,45","294 685,77","186 388,65","188 042,58","227 255,24","228 655,80","246 902,52","184 107,91","239 920,19","220 086,61","433 696,70","209 598,57","282 701,32","279 474,18","192 889,89","185 728,05","242 333,73","219 135,01","250 729,23","218 049,10","201 380,70","256 321,71","478 202,89","249 316,15","242 304,84","195 312,32","222 580,56","238 581,21","232 572,23","250 810,02","235 580,24","235 453,55","279 628,65"
42430,"208 988,36","230 545,16","286 683,75","211 315,28","177 722,05","163 905,96","153 188,09","153 348,04","186 256,56","202 762,30","213 616,52","418 279,13","184 971,44","233 691,89","298 379,65","203 820,32","208 674,19","172 032,08","166 404,43","168 177,02","183 603,28","186 934,72","191 156,24","379 612,14","190 783,32","223 429,24","256 348,76","174 831,04","179 288,75","165 689,56","149 139,29","161 917,94","169 314,08","168 816,97","201 664,96","343 062,97","181 075,60","201 671,83","165 016,04","145 214,98","157 037,28","132 924,31","137 412,62","140 680,00","166 235,50","182 486,44"
42432,"151 569,56","187 565,69","213 169,07","136 180,38","128 086,91","169 398,60","145 929,68","162 393,07","161 257,62","179 148,07","170 564,23","350 989,16","164 800,21","201 992,41","269 216,21","163 662,22","170 156,80","190 770,91","177 192,08","205 224,99","179 559,13","215 558,40","177 974,49","342 368,99","171 316,10","227 934,28","275 535,36","171 924,15","180 796,34","209 617,09","190 514,75","192 091,20","222 281,83","186 426,84","223 699,33","393 749,35","208 066,76","246 849,35","181 141,23","164 447,08","222 702,09","198 812,51","204 061,04","176 587,10","180 608,60","205 079,17"
42438,"155 182,26","206 998,73","303 193,46","197 869,81","185 618,49","211 855,99","177 174,99","203 734,19","211 948,94","213 541,67","206 658,09","397 011,81","180 267,82","253 041,69","296 689,84","186 894,39","188 035,15","202 165,61","170 403,22","193 985,02","190 883,13","215 787,31","176 077,24","332 565,02","158 368,20","193 594,45","288 081,95","211 876,58","210 109,35","208 332,55","167 459,20","190 096,68","176 734,53","161 818,43","172 907,92","285 997,07",,,"203 867,83","176 048,65","197 872,66","182 718,13","185 599,93","191 958,74","205 780,45","209 298,48"
42443,"495 570,11","660 945,78","739 224,66","505 003,26","445 778,16","647 266,69","475 836,41","597 997,62","623 826,29","742 290,76","711 699,09","1 372 096,99","601 347,68","844 588,25","975 359,40","713 642,82","678 631,75","792 824,74","666 063,47","804 365,10","666 541,89","798 148,06","836 685,14","1 369 167,89","680 114,79","908 785,77","986 703,08","713 299,59","697 825,37","860 898,52","740 943,62","797 533,64","851 941,37","803 849,37","995 654,64","1 548 952,56","741 548,49","1 020 618,23","817 229,19","839 354,22","993 807,76","690 251,86","626 017,59","592 750,58","596 954,03","647 041,13"
42458,"219 149,59","293 537,51","357 135,97","226 599,38","203 653,08","249 762,08","225 139,59","249 907,12","260 166,17","281 639,78","279 720,98","614 398,79","247 509,41","341 837,67","403 892,04","268 721,16","263 977,36","274 547,46","272 024,93","258 007,48","274 683,68","312 697,89","289 971,88","558 147,67","243 062,75","343 450,45","375 322,55","251 327,01","244 663,85","279 436,41","235 990,31","261 285,09","266 948,88","248 334,33","299 473,75","565 657,25","265 228,26","318 848,83","251 739,18","232 292,85","255 208,65","241 624,51","252 351,46","254 306,25","270 337,45","335 372,25"
42469,"591 452,93","726 085,00","779 351,93","548 265,13","528 631,54","655 956,72","616 559,95","771 384,62","756 015,54","847 252,81","809 922,13","1 379 259,99","764 354,63","901 117,10","1 059 635,28","795 668,36","729 705,90","918 606,60","869 087,92","1 043 038,74","885 879,54","952 577,00","845 288,21","1 427 039,78","798 917,67","1 034 639,27","1 064 874,30","702 089,27","670 826,57","898 171,31","895 902,15","1 192 776,19","946 603,68","852 397,82","892 447,78","1 359 495,87","869 108,09","1 208 427,62","878 325,05","894 415,85","1 014 553,88","1 134 088,99","1 354 366,84","1 130 722,20","1 148 779,41","1 048 598,42"
42476,"174 849,62","226 363,50","255 538,99","180 617,42","152 150,46","195 493,17","173 948,02","190 606,60","212 835,51","220 894,05","201 136,73","454 987,49","194 947,41","242 259,75","302 629,50","247 953,47","224 885,37","245 643,25","243 917,57",253574.88,255167.08,298117.40,246054.57,502882.13,223800.16,300724.43,368093.37,255122.92,228394.83,283467.56,252913.67,"279 790,03","292 282,92","275 376,97","327 045,28","546 252,02","298 902,48","337 568,81","271 347,06","267 303,35","292 509,98","255 385,42","325 243,86","282 875,81","320 663,33","321 421,36"
42484,"236 377,50","290 999,04","351 444,68","226 678,00","217 232,43","253 243,80","257 507,12","291 608,47","273 897,09","304 696,70","302 949,26","600 105,87","283 079,97","323 053,93","411 499,38","277 124,37","281 287,09","319 442,46","301 493,57","324 462,58","297 744,26","338 571,09","308 037,47","556 762,04","278 556,76","354 242,93","409 675,45","286 456,13","273 435,12","314 749,46","259 299,03","303 744,92","279 577,42","257 343,37","335 588,39","570 409,81","303 456,88","325 163,58","267 055,45","251 201,30","300 731,94","303 739,65","306 559,70","309 925,10","284 578,32","339 274,45"
42486,"251 656,45","350 604,96","443 260,94","279 196,01","242 151,54","290 554,31","274 337,53","309 071,68","332 220,21","372 237,89","380 837,33","726 661,69","302 457,28","417 505,46","525 503,05","372 089,49","344 871,07","470 868,62","345 970,96","386 496,80","443 004,44","518 502,31","402 098,57","772 911,71","335 168,53","434 832,01","527 318,10","356 956,18","380 789,90","419 687,57","349 345,07","378 092,15","416 859,47","367 462,55","447 487,99","734 401,19","366 082,60","447 106,84","356 540,78","344 982,23","408 064,97","338 655,91","354 357,47","380 609,46","410 718,39","473 697,31"
42496,"239 829,31","303 454,68","393 876,90","227 685,40","218 679,71","272 133,70","253 745,52","278 234,84","284 389,93","272 685,97","287 618,67","600 219,55","288 339,83","373 763,17","424 793,52","247 102,17","268 194,84","288 479,90","269 497,77","282 031,65","268 095,83","283 937,00","281 229,47","537 106,16","307 093,62","359 537,61","408 925,52","268 930,80","263 091,35","286 950,90","281 363,87","311 016,90","274 230,90","256 725,42","294 672,77","518 994,36","301 981,35","331 568,64","250 826,27","245 341,29","261 601,50","265 403,94","289 961,45","264 209,10","288 287,32","332 947,23"
42499,"117 103,50","144 373,67","179 305,07","115 165,64","120 415,13","231 389,39","236 811,45","257 371,00","207 299,31","148 965,51","123 025,35","266 583,10","100 947,27","134 097,89","187 350,10","118 664,97","141 580,10","247 214,01","289 691,64","298 670,69","252 189,10","195 224,85","145 250,71","263 896,29","111 654,84","150 945,59","196 945,18","137 292,10","136 433,70","252 681,13","263 075,41","302 827,50","237 479,64","156 836,55","142 274,44","271 718,03","146 551,74","154 149,49","152 066,42","166 563,14","281 700,70","315 950,33","340 417,62","284 174,81","197 477,70","161 369,15"
42504,"172 584,29","219 756,95","276 604,09","177 366,74","158 834,87","197 529,25","174 931,13","208 360,84","200 176,08","219 909,61","214 210,08","445 304,38","208 697,49","268 136,58","331 250,03","218 518,30","207 277,72","222 148,10","232 665,45","236 915,67","211 914,46","254 999,31","230 982,22","420 625,29","217 801,23","280 297,81","342 968,07","238 149,95","256 208,81","311 911,93","250 495,27","241 577,34","246 786,95","218 930,98","265 636,43","484 792,57","294 858,96","291 693,62","260 022,93","230 384,93","281 114,15","260 060,35","271 794,95","259 467,16","290 411,07","307 586,84"
42509,"248 330,80","296 997,96","341 031,40","224 806,63","194 433,10","253 188,67","224 287,43","249 787,21","271 202,38","263 606,81","259 666,97","552 967,42","212 937,67","280 781,00","354 906,62","267 010,82","220 492,48","274 955,84","237 245,36","260 891,42","259 019,38","273 917,69","255 047,71","471 893,95","220 955,29","274 550,04","335 300,25","221 152,79","201 685,57","283 029,98","220 845,10","259 540,16","265 634,02","265 047,92","284 156,52","499 592,87","255 403,72","304 517,68","248 149,62","224 815,62","289 390,58","240 561,11","274 771,89","268 166,13","307 249,21","344 049,91"
42525,"196 473,15","247 934,29","313 105,05","218 839,37","227 400,36","264 080,24","211 654,44","258 549,76","269 367,77","295 639,88","284 179,62","608 257,14","237 171,38","316 449,84","436 283,63","286 898,65","272 684,89","324 761,31","282 879,70","333 255,47","281 974,59","317 013,27","296 454,94","542 914,93","251 996,70","352 742,61","410 243,86","268 694,07","289 191,68","335 532,80","275 739,20","328 555,01","305 565,66","285 122,39","315 772,37","531 192,09","266 405,26","315 248,60","280 955,39","261 094,14","265 631,86","244 351,49","272 910,92","266 244,93","280 968,10","270 105,16"
42533,"186 687,85","247 751,14","303 314,73","201 436,33","181 168,61","224 316,03","196 811,51","218 688,65","238 871,65","281 884,21","313 901,17","660 678,09","272 692,58","372 003,84","443 577,08","299 593,55","273 504,33","307 368,67","281 328,80","270 672,14","316 435,86","312 103,92","309 022,27","609 196,77","266 017,77","326 344,46","405 346,61","281 590,45","287 932,70","312 297,22","352 822,52","385 899,10","391 052,81","335 602,42","416 394,89","773 284,10","344 439,05","396 801,91","328 723,08","288 496,64","328 414,16","304 070,24","310 397,60","315 538,28","317 422,02","411 468,80"
42535,"268 796,35","375 233,38","450 195,24","326 607,04","313 034,79","352 584,56","285 451,67","277 328,57","314 537,29","353 809,85","371 802,26","733 187,98","338 306,64","461 793,66","554 333,32","395 014,19","385 384,02","389 151,05","369 637,36","344 253,16","351 884,02","408 902,02","404 680,32","747 192,04","371 317,88","537 055,01","602 601,52","435 230,61","413 791,34","485 902,00","449 468,66","479 184,10","444 252,98","398 845,44","450 406,16","796 115,33","403 066,87","565 930,42","451 255,67","434 353,75","475 943,83","393 302,86","350 907,07","361 635,91","367 794,95","417 691,24"
42538,"208 268,06","253 553,44","288 822,34","213 992,78","187 995,98","226 393,40","211 309,00","236 133,13","230 209,85","277 564,64","250 597,36","532 196,01","253 207,72","324 813,16","379 809,01","259 498,59","250 829,97","273 224,25","264 145,07","284 487,14","271 612,99","305 307,73","279 300,93","521 005,57","253 537,31","337 838,15","390 328,69","255 316,19","276 196,87","336 389,17","280 986,36","326 597,87","308 702,77","280 172,69","326 066,65","619 184,00","350 617,28","358 205,30","279 067,71","286 892,14","348 329,02","276 872,01","338 215,30","341 866,94","321 099,16","335 807,03"
42541,"398 229,67","500 531,59","580 056,32","416 727,89","396 598,56","474 847,31","533 608,87","463 919,70","519 410,55","529 441,75","496 340,42","1 027 985,68","464 360,77","575 351,16","714 670,67","614 294,24","512 266,97","584 217,05","549 661,90","549 500,63","543 732,39","629 722,23","520 683,02","1 047 341,94","506 726,21","683 182,80","755 992,18","584 521,93","533 929,25","655 724,43","533 021,89","634 268,07","633 330,59","552 366,47","638 047,61","1 130 839,64","614 811,61","670 906,40","548 315,99","562 656,21","664 605,77","554 447,18","624 937,23","589 844,80","599 573,88","693 473,46"
42548,"253 117,50","285 824,29","328 571,77","232 919,08","217 333,19","289 637,67","250 797,38","254 216,94","266 364,08","276 917,62","293 786,67","616 859,67","256 810,44","299 840,91","424 251,65","269 642,63","262 584,84","274 678,63","252 030,89","319 404,88","344 379,25","402 658,10","377 204,92","776 855,57","335 537,62","422 062,23","482 167,98","357 926,88","334 919,64","387 416,63","302 426,61","343 638,47","324 377,58","321 473,63","387 234,13","653 632,66","349 798,87","340 828,57","296 127,17","295 908,35","341 358,92","283 217,26","284 307,50","284 344,21","307 578,43","336 286,71"
42556,"260 388,24","282 808,72","435 999,93","355 416,24","342 216,14","357 603,02","343 842,82","384 338,64","395 941,07","452 209,91","526 434,04","1 075 444,53","497 663,32","607 751,34","745 692,96","553 330,87","566 194,06","551 623,97","499 940,17","541 442,14","569 578,69","615 238,93","599 655,51","1 172 102,23","581 614,41","638 668,40","740 056,10","572 811,69","540 641,14","576 622,14","514 815,65","535 220,33",562602.36,"501 905,64","604 237,08","1 202 500,13","602 153,86","713 461,61","635 675,98","618 106,99","669 058,78","575 319,30","629 455,76","632 925,07","666 120,42","811 141,89"
,,,,,,,,,,,,,,,,,,,,,,,,,,,,,,,,,,,,,,,,,,,,,,
42590,,,,,,,,,,,,"414 222,35","152 055,96","218 878,77","284 727,52","179 482,25","171 086,21","189 641,55","180 921,33","219 303,65","203 805,97","261 295,83","220 894,84","459 294,91","199 433,94","273 015,81","334 621,25","227 821,36","229 099,83","257 169,32","227 042,00","271 168,75","274 748,59","256 589,61","310 054,58","562 647,76","226 766,14","314 321,13","247 835,53","240 951,91","293 496,42","250 582,13","248 634,34","271 239,11","287 871,39","327 465,05"
42597,"159 357,77","163 778,55","209 237,33","119 044,44","120 611,43","155 005,58","146 695,85","155 073,01","178 703,46","214 433,58","207 129,41","482 789,40","202 859,26","250 167,50","324 058,02","209 297,24","188 630,14","231 000,16","207 120,52","219 676,96","217 866,65","261 610,06","241 850,58","513 745,38","224 192,85","284 803,97","342 030,57","219 265,11","204 951,55","271 993,45","217 573,31","239 816,50","241 099,80","236 499,55","288 028,29","503 579,06","258 394,35","303 328,45","232 310,53","206 991,95","256 464,94","222 763,04","257 462,16","238 893,62","254 131,91","304 643,13"
42597,"788 735,62","915 970,36","1 215 915,91","872 090,91","780 988,41","822 884,55","697 784,52","757 521,24","814 036,69","836 107,08","941 045,86","1 909 250,29","809 219,98","1 026 802,72","1 224 504,16","878 091,83","884 691,81","810 742,68","709 275,26","783 020,46","790 234,49","856 860,94","826 688,57","1 722 901,82","763 251,62","976 233,35","1 182 357,20","762 453,35","814 990,81","774 322,81","665 150,81","750 051,96","776 847,32","721 696,66","906 545,10","1 630 336,48","849 055,74","953 085,21","787 095,81","804 114,13","817 746,83","665 763,48","735 152,02","704 202,98","828 985,72","945 777,19"
42605,"80 410,25","104 142,94","185 292,59","132 366,49","159 960,07","137 601,39","140 538,48","178 030,73","167 024,82","221 317,86","179 562,97","396 094,21","174 285,94","171 552,46","227 175,47","210 685,00","167 739,10","244 897,74","215 656,41","217 351,65","184 653,05","234 590,96","172 160,64","338 863,99","177 690,01","196 938,34","256 304,38","214 038,49","198 725,53","234 957,02","182 814,52","223 809,07","202 452,35","187 014,09","216 740,07","343 600,38","184 485,87","207 263,64","172 599,15","177 816,02","212 419,01","189 074,51","186 238,81","194 030,94","185 753,09","216 501,03"
42608,"65 832,14","69 183,67","100 725,75","67 009,50","71 925,25","83 880,60","80 731,83","95 341,30","93 484,34","117 803,32","97 522,96","241 521,09","103 631,15","112 534,20","148 113,16","106 843,79","111 131,11","120 749,90","118 815,74","144 185,43","112 120,17","144 344,35","123 327,08","240 342,49","137 321,20","155 596,24","195 924,86","126 969,31","130 389,30","163 464,39","148 459,10","174 298,80","144 816,53","159 264,00","196 586,49","321 080,20","181 116,66","183 719,30","148 109,19","150 358,92","178 272,39","176 413,01","182 035,80","171 086,14","159 928,86","210 226,35"
42637,,,,,,,,"471 905,98","373 834,42","386 701,12","438 332,00","1 044 120,57","438 227,92","568 508,24","663 080,59","446 050,92","435 208,11","466 205,96","429 726,43","437 737,61","464 695,80","456 956,07","443 891,95","965 044,39","442 883,69","539 992,57","591 414,88","405 926,47","395 709,06","404 362,88","378 625,21","402 701,73","459 254,76","388 600,86","462 086,78","901 573,20","466 047,39","488 381,61","443 741,96","420 193,23","453 890,07","378 610,04","414 059,34","405 718,72","427 993,36","491 776,31"
45801,,,,,,,,,"16 133,60","209 725,06","150 740,84","316 499,46","157 374,20","190 895,93","242 348,96","196 188,72","163 661,37","191 137,41","193 664,15","220 022,81","182 855,53","247 901,63","203 167,40","393 606,84","190 433,49","248 916,88","308 307,53","184 143,72","178 108,33","256 286,80","207 663,43","254 516,21","227 490,33","224 540,09","270 445,50","459 736,77","249 946,46","291 878,76","217 643,37","184 792,63","238 328,83","218 319,00","260 616,05","238 226,95","253 439,67","288 315,78"
42665,,,,,,,,,,,,"869 715,91","223 244,46","208 461,86","327 490,15","196 982,83","172 656,43","232 744,58","190 517,76","222 641,67","259 224,49","361 738,32","305 595,82","648 293,86","298 754,27","380 512,89","502 272,45","351 113,22","317 728,87","390 656,81","326 390,01","410 818,68","436 974,63","419 957,14","531 792,11","896 336,10","470 002,58","494 553,65","411 232,74","399 890,25","452 195,01","415 920,76","485 538,68","490 310,19","472 401,05","549 270,91"
42072,,,,,,,,,,,"128 673,64","179 966,50","81 612,30","137 261,78","172 291,46","111 300,17","121 857,32","147 670,81","147 370,56","190 798,70","171 831,10","213 937,40","185 139,61","378 646,70","185 144,78","249 029,96","303 146,96","195 360,15","208 475,17","243 247,65","233 172,30","226 731,30","226 017,09","227 684,13","272 816,79","470 907,40","244 808,88","296 627,51","236 493,60","233 174,82","287 454,79","275 306,25","271 241,69","267 117,71","271 338,63","330 871,34"
42678,,,,,,,,,,,,"643 710,78","259 120,12","333 019,17","448 361,76","356 792,17","327 515,35","383 221,56","364 960,66","438 377,70","372 734,13","440 479,37","392 594,73","782 148,11","367 611,32","510 589,21","548 154,27","407 116,80","468 355,19","533 892,47","493 324,18","527 260,79","541 193,48","481 118,52","559 599,89","955 460,76","502 404,49","583 009,50","478 253,93","504 285,94","536 419,91","525 512,41","583 398,41","580 562,38","585 228,50","710 187,95"
42680,,,,,,,,,,,,"353 793,97","108 439,38","130 646,14","177 101,80","121 990,05","113 420,82","134 274,06","139 414,59","142 368,76","141 858,75","179 355,60","148 043,52","317 987,07","159 043,41","191 311,26","246 472,90","174 351,03","155 674,74","204 599,91","171 586,57","187 782,15","187 701,51","157 660,78","204 482,55","388 427,37","200 710,45","191 047,79","155 034,00","150 442,26","197 140,50","167 556,51","170 611,75","161 965,02","193 453,05","226 900,41"
42681,,,,,,,,,,,,"600 638,90","213 101,83","248 874,26","317 778,27","261 247,26","194 120,34","248 839,81","224 336,48","230 247,12","229 371,69","272 170,51","247 299,93","551 994,18","255 149,18","287 329,22","379 818,07","275 167,35","237 910,90","280 570,42","237 776,71","283 751,33","267 010,80","250 917,31","303 456,90","613 455,85","316 613,04","288 288,82","251 716,48","222 496,26","272 280,03","217 397,85","247 322,26","240 702,64","245 870,38","279 661,68"
42683,,,,,,,,,,,,"584 433,13","112 845,75","122 103,39","169 540,16","94 366,56","100 353,60","106 509,62","106 632,15","108 016,76","103 707,37","121 351,53","112 168,61","293 144,52","123 729,31","156 202,31","188 274,30","118 860,57","122 356,84","139 141,10","140 066,77","150 693,24","143 712,13","138 778,82","183 543,97","355 488,23","171 091,64","183 869,56","136 865,27","116 222,86","168 830,96","141 340,31","171 602,23","148 094,35","167 459,40","206 257,62"
42689,,,,,,,,,,,,,,"101 479,00","120 860,68","77 773,49","76 387,82","97 733,66","91 566,16","93 000,93","109 205,91","119 607,62","127 838,48","273 989,06","127 827,60","156 139,53","199 931,08","124 737,27","135 664,88","165 176,66","132 904,59","147 937,74","146 979,18","137 941,62","164 129,68","352 538,93","162 802,20","166 676,21","161 708,24","136 972,59","167 516,55","159 295,08","175 921,46","174 173,23","173 694,30","219 931,03"
42691,,,,,,,,,,,,,,,"301 319,77","144 743,13","165 428,36","178 746,07","183 968,29","212 756,12","195 363,75","215 269,43","201 543,56","344 341,96","194 693,64","212 127,11","257 473,64","171 359,67","169 672,54","223 000,74","183 504,53","206 445,50","208 070,40","198 350,27","224 209,86","402 366,68","233 208,94","215 755,85","184 140,53","181 236,28","213 478,41","200 562,11","229 102,41","211 613,60","198 292,44","224 077,27"
42694,,,,,,,,,,,,,"177 206,81","230 446,13","260 701,33","186 504,93","136 219,25","157 272,48","135 717,65","156 988,24","140 776,56","159 537,52","143 650,80","287 106,42","138 426,92","190 947,63","212 239,23","158 440,40","155 101,69","189 386,27","157 153,68","174 148,04","163 545,63","145 774,74","169 732,43","314 311,20","178 286,39","188 268,20","152 374,56","142 150,20","185 229,86","168 878,73","178 063,69","170 688,37","180 282,63","200 253,17"
42696,,,,,,,,,,,,,,"229 566,12","350 415,72","326 674,20","255 437,07","440 836,24","331 125,87","346 677,21","327 490,60","346 461,06","272 591,16","462 060,46","236 240,16","303 917,01","370 604,83","344 390,04","285 721,30","324 333,76","246 932,67","323 822,67","272 483,56","251 718,31","261 938,56","393 998,48","212 000,71","286 499,06","226 126,76","231 779,42","262 829,84","221 382,77","245 272,68","232 072,08","227 332,72","246 568,64"
42712,,,,,,,,,,,,,,,,"459 659,60","338 388,45","417 047,29","373 720,71","388 463,74","446 267,51","462 834,43","474 832,50","914 416,13","418 956,69","488 289,91","553 150,17","407 879,67","392 019,78","454 750,96","413 189,17","414 815,44","502 686,43","458 468,45","529 573,83","956 844,64","427 863,27","473 047,59","473 084,00","433 502,22","575 451,13","534 972,26","581 578,50","609 327,37","612 096,65","813 521,91"
42720,,,,,,,,,,,,,,,,,,,"475 542,76","255 120,27","227 869,80","304 069,35","292 810,48","471 397,94","243 036,66","352 008,64","576 539,03","414 641,68","393 665,68","528 956,79","449 735,30","530 348,28","539 901,00","504 058,88","593 282,44","918 255,79","538 240,08","575 307,43","505 546,56","462 613,39","568 103,36","449 464,41","490 554,59","512 510,48","524 576,28","569 097,72"
42722,,,,,,,,,,,,,,,,,,,"433 151,17","309 651,57","285 159,63","385 264,33","318 991,03","675 623,58","319 603,47","413 628,77","484 904,67","284 845,20","287 306,25","364 728,13","343 188,61",426218.47,"386 356,45","419 030,45","410 617,42","765 348,82","411 586,79","433 473,25","409 572,57","416 055,69","487 993,88","436 884,38","495 060,55","502 729,95","485 272,30","528 233,57"
,,,,,,,,,,,,,,,,,,,,"150 770,45","129 880,74","147 085,75","140 624,68","249 065,60","115 923,85","139 895,19","171 331,98","130 542,60","104 024,95","147 545,58","126 134,74","137 515,71","135 492,10","115 834,13","117 132,69","194 858,77","114 585,76","118 510,40","94 791,26","93 654,95","108 397,95","100 705,53","116 268,13","97 226,43","97 570,27","121 038,39"
42730,,,,,,,,,,,,,,,,,,,,"660 743,35","335 687,73","338 318,94","338 829,93","693 096,74","395 470,74","455 875,95","584 251,23","377 903,26","383 035,62","460 711,45","401 341,84","472 110,52","408 077,78","435 547,66","501 162,76","831 318,23","472 495,43","499 009,84","527 268,04","526 629,13","571 268,83","453 717,57","489 118,42","462 111,13","474 969,01","528 678,75"
42732,,,,,,,,,,,,,,,,,,,"215 270,06","243 769,68","245 091,28","273 550,67","257 034,62",590248.65,"240 165,86","337 121,87","394 828,80","282 464,85","253 636,31","321 062,68","293 388,99","343 826,27","346 495,15","349 336,77","402 590,43","755 633,82","344 027,01","446 615,20","368 488,63","343 274,07","408 418,63","337 781,74","360 664,44","384 774,39","405 992,84","492 682,21"
42733,,,,,,,,,,,,,,,,,,,,"306 925,72","229 760,60","246 248,50","217 835,71","435 802,64","205 567,44","247 550,46","288 575,97","196 237,80","203 742,70","224 822,56","208 171,95","228 838,34","226 761,12","210 771,79","258 131,45","465 805,29","253 497,77","266 705,19","220 715,89","198 324,58","240 962,90","233 209,07","248 209,68","218 253,96","241 988,77","268 999,74"
42738,,,,,,,,,,,,,,,,,,,,,,"354 279,30","309 164,57","505 416,61","267 043,11","336 839,29","417 371,61","291 456,49","260 821,87","351 652,16","308 721,72","340 294,94","309 693,65","291 876,48","339 604,52","583 561,03","339 459,65","349 758,95","304 516,24","289 612,52","363 629,32","332 776,54","382 277,01","345 383,49","325 668,52","406 445,72"
42743,,,,,,,,,,,,,,"0,00","0,00","0,00","0,00","0,00","0,00","313 307,10","561 332,86","710 535,17","719 798,16","1 527 870,62","749 157,33","894 863,70","1 154 199,87","861 057,40","775 456,95","985 835,16","879 060,15","838 882,84","888 747,35","849 483,95","1 045 449,76","1 842 107,73","895 776,79","1 026 140,14","957 189,93","832 048,25","1 080 225,44","930 774,46","947 716,40","992 037,80","1 234 501,80","1 295 495,32"
42745,,,,,,,,,,,,,,,,,,,,,,"132 586,07","114 195,30","287 309,34","163 615,82","200 885,75","257 841,50","186 160,40","183 097,51","183 554,51","160 491,88","189 007,20","207 990,04","190 726,09","261 173,23","473 935,09","261 995,93","291 431,55","248 126,16","253 265,02","286 691,73","267 098,87","295 000,94","295 935,29","321 101,20","371 278,42"
42758,,,,,,,,,,,,,,,,,,,,,,"341 370,64","230 342,26","442 256,41","200 598,46","296 621,69","360 795,56","225 481,54","238 067,69","287 848,49","227 532,79","252 579,30","236 499,56","236 442,18","321 569,91","603 162,45","303 653,85","353 547,55","289 752,20","297 373,03","346 949,03","279 856,63","297 348,61","300 236,08","306 829,80","378 416,18"
42775,,,,,,,,,,,,,,,,,,,,,,,,"406 851,77","165 791,49","199 131,41","297 664,60","179 578,06","180 090,34","215 656,56","174 330,36","215 300,15","214 700,91","203 881,55","224 263,71","352 830,32","197 967,09","230 032,06","189 699,13","198 860,32","218 237,52","199 180,78","214 340,07","222 339,08","221 404,64","258 547,73"
42777,,,,,,,,,,,,,,,,,,,,,,,,"567 588,81","230 279,36","281 458,39","376 044,63","290 496,61","296 827,28","348 146,33","266 376,40","319 573,86","315 176,19","270 463,30","338 505,93","536 220,71","311 895,15","362 501,51","304 713,15","299 177,75","339 119,73","264 553,12","318 045,31","295 406,83","299 028,79","337 921,54"
42790,,,,,,,,,,,,,,,,,,,,,,,,,,,"649 362,71","561 852,52","518 409,89","638 374,14","559 677,69","589 744,81","670 403,92","619 325,59","751 750,42","1 281 986,30","621 517,18","684 567,79","634 430,82","604 200,64","764 321,30","648 568,68","665 366,91","683 689,72","714 439,71","862 689,36"
42792,,,,,,,,,,,,,,,,,,,,,,,,,,,,"270 288,76","162 467,19","204 396,69","186 389,66","219 808,87","208 464,20","223 274,01","258 061,12","495 677,19","259 686,14","276 497,67","207 143,77","213 413,82","238 210,86","217 965,89","254 445,27","258 176,92","248 602,57","270 986,76"
42800,,,,,,,,,,,,,,,,,,,,,,,,,,,,,,,"737 205,96","385 035,40","323 214,58","328 004,13","420 740,21","754 876,69","391 500,66","404 985,63","342 031,63","338 268,21","359 614,50","339 908,31","350 708,86","346 508,33","386 367,01","458 190,03"
42803,,,,,,,,,,,,,,,,,,,,,,,,,,,,,,"479 826,35","290 515,94","226 323,12","183 744,66","159 827,70","171 870,86","324 397,07","191 133,52","210 138,27","172 536,54","161 458,53","157 599,34","123 351,11","132 907,60","168 157,78","144 752,73","157 358,21"
42822,,,,,,,,,,,,,,,,,,,,,,,,,,,,,,,,,"124 020,25","126 934,61","171 923,46","337 745,41","200 290,48","196 840,19","182 289,39","177 498,46","214 288,95","204 828,30","217 552,34","229 611,90","249 398,94","302 425,08"
42826,,,,,,,,,,,,,,,,,,,,,,,,,,,,,,,,,,"25,60","267 681,09","369 976,85","204 016,90","203 360,00","168 576,55","161 432,44","207 940,91","189 726,06","212 695,85","209 976,92","204 275,74","240 543,70"
42827,,,,,,,,,,,,,,,,,,,,,,,,,,,,,,,,,,"120 956,31","138 610,71","232 596,12","139 744,05","151 539,03","152 581,37","150 253,04","171 824,35","150 186,13","176 889,26","171 117,32","172 081,75","183 624,84"
42831,,,,,,,,,,,,,,,,,,,,,,,,,,,,,,,,,,,,"320 054,23","152 759,16","169 130,24","151 758,36","155 973,62","203 675,77","182 906,44","189 961,43","225 760,38","219 826,23","247 791,82"
42840,,,,,,,,,,,,,,,,,,,,,,,,,,,,,,,,,,,,,,,,,,,"248 568,55","193 853,20","152 517,49","198 859,43"
42847,,,,,,,,,,,,,,,,,,,,,,,,,,,,,,,,,,,,,,,,,,,,,,"176 886,90"
2633921,"132 965,44","169 366,75","206 388,45","137 964,70","104 022,61","148 099,08","109 004,35","142 252,23","142 128,65","165 113,77","146 348,77","371 015,24","154 774,13","199 913,77","257 444,79","151 540,96","144 995,86","195 533,40","184 773,38","187 099,53","214 129,49","159 344,94","148 620,09","299 352,51","125 480,16","164 620,68","198 762,80","121 885,89","112 022,77","137 551,70","109 168,05","113 500,79","105 040,74","102 333,54","113 391,02","232 945,67","101 905,78","132 421,99","86 721,78","90 059,05","113 034,90","76 825,86","97 766,09","86 143,47","91 317,25","115 013,30"
2634000,"341 009,72","413 489,09","518 426,28","376 071,51","357 895,79","505 318,24","458 096,52","516 279,23","486 665,46","570 820,22","650 161,51","971 408,85","485 994,62","621 628,41","904 165,93","665 313,43","514 341,80","551 528,54","543 446,67","575 061,06","623 802,06","668 443,39","572 178,70","979 096,87","491 242,84","666 340,33","818 441,19","597 309,67","501 209,06","606 516,05","503 788,05","621 351,32","548 635,34","514 921,09","687 005,54","929 888,12","513 382,35","590 733,69","480 563,39","457 005,92","541 734,58","444 286,81","574 573,54","538 086,32","530 747,27","565 599,13"
2634008,"270 923,72","404 737,14","470 433,87","401 063,78","318 507,45","385 579,17","375 166,27","382 299,38","413 219,91","470 166,10","440 464,36","935 522,99","391 747,65","516 522,81","624 805,98","515 396,39","425 388,17","502 459,21","388 487,11","391 481,06","316 589,92","341 641,61","281 580,22","527 792,67","224 119,15","302 291,83","387 318,62","260 027,92","242 444,78","287 295,53","243 727,77","236 094,36","242 776,02","204 961,92","197 560,12","337 194,70","162 847,12","202 552,82","185 037,35","167 999,87","186 120,87","175 067,58","174 118,71","174 518,63","189 597,41","226 016,23"
2634011,"378 429,75","350 607,48","482 925,19","367 225,25","349 294,03","388 179,19","400 668,15","421 847,74","345 782,49","360 541,05","421 239,04","957 476,39","397 970,02","426 358,83","543 228,30","404 400,64","425 347,25","496 725,24","444 494,21","482 043,65","401 535,55","425 327,85","400 319,50","838 820,49","406 415,22","400 920,98","493 242,73","385 916,62","390 776,63","399 131,74","405 865,55","416 868,81","406 099,43","369 399,43","467 659,51","887 570,70","461 032,73","443 111,02","410 602,55","379 963,92","457 012,98","431 740,37","491 072,69","461 658,86","421 671,51","489 829,23"
2633936,,,,,"420 226,94","311 592,34","255 945,11","234 998,02","234 465,07","279 630,78","301 462,54","555 602,02","278 632,69","320 643,23","408 450,48","269 205,80","276 359,44","307 388,20","270 617,48","303 373,32","297 020,03","338 859,41","298 333,46","644 241,25","298 026,26","345 820,80","433 355,30","300 881,49","289 653,83","335 926,03","312 048,09","376 385,30","333 933,46","344 517,29","372 648,69","677 214,71","360 466,44","372 836,56","299 080,19","286 674,03","327 415,78","305 542,25","345 389,65","349 845,86","361 092,70","363 068,73"
,,,,,,,,,,,,,,,,,,,,,,,,,,,,,,,"312 996,83","469 148,10","497 820,22","430 578,99","556 950,42","929 069,95","502 913,05","594 450,39","560 283,32","514 546,42","644 308,09","533 981,38","562 082,84","575 194,94","724 658,39","726 229,02"